FID,Reader_ID,twentyfourhours,twentyfourhours.n,LOCATION_LATITUDE,LOCATION_LONGITUDE
1,51st_manor," 36,13,16,8,7,10,24,39,52,82,80,93,93,97,98,73,90,97,74,75,73,63,52,33 ","[0.36734693877551,0.13265306122449,0.163265306122449,0.0816326530612245,0.0714285714285714,0.102040816326531,0.244897959183673,0.397959183673469,0.530612244897959,0.836734693877551,0.816326530612245,0.948979591836735,0.948979591836735,0.989795918367347,1,0.744897959183674,0.918367346938776,0.989795918367347,0.755102040816326,0.76530612244898,0.744897959183674,0.642857142857143,0.530612244897959,0.336734693877551]",30.2981815,-97.6870575
2,51st_mueller," 13,21,15,14,8,7,21,27,56,70,93,100,110,132,108,89,81,89,89,80,69,60,30,30 ","[0.0984848484848485,0.159090909090909,0.113636363636364,0.106060606060606,0.0606060606060606,0.053030303030303,0.159090909090909,0.204545454545455,0.424242424242424,0.53030303030303,0.704545454545455,0.757575757575758,0.833333333333333,1,0.818181818181818,0.674242424242424,0.613636363636364,0.674242424242424,0.674242424242424,0.606060606060606,0.522727272727273,0.454545454545455,0.227272727272727,0.227272727272727]",30.3057785,-97.7028351
3,51st_springdale," 28,14,13,8,7,9,18,43,51,64,73,86,90,86,90,92,102,102,92,84,100,59,57,31 ","[0.274509803921569,0.137254901960784,0.127450980392157,0.0784313725490196,0.0686274509803922,0.0882352941176471,0.176470588235294,0.42156862745098,0.5,0.627450980392157,0.715686274509804,0.843137254901961,0.882352941176471,0.843137254901961,0.882352941176471,0.901960784313726,1,1,0.901960784313726,0.823529411764706,0.980392156862745,0.57843137254902,0.558823529411765,0.303921568627451]",30.2936001,-97.6778107
4,51st_us183," 76,62,62,48,46,65,116,119,146,148,179,191,211,218,226,194,182,201,206,174,167,134,134,116 ","[0.336283185840708,0.274336283185841,0.274336283185841,0.212389380530973,0.20353982300885,0.287610619469027,0.513274336283186,0.526548672566372,0.646017699115044,0.654867256637168,0.792035398230089,0.845132743362832,0.933628318584071,0.964601769911504,1,0.858407079646018,0.805309734513274,0.889380530973451,0.911504424778761,0.769911504424779,0.738938053097345,0.592920353982301,0.592920353982301,0.513274336283186]",30.2923031,-97.6636276
5,5th_red_river," 82,42,84,36,12,12,7,17,27,25,31,46,57,58,54,54,50,64,62,62,66,67,71,79 ","[0.976190476190476,0.5,1,0.428571428571429,0.142857142857143,0.142857142857143,0.0833333333333333,0.202380952380952,0.321428571428571,0.297619047619048,0.369047619047619,0.547619047619048,0.678571428571429,0.69047619047619,0.642857142857143,0.642857142857143,0.595238095238095,0.761904761904762,0.738095238095238,0.738095238095238,0.785714285714286,0.797619047619048,0.845238095238095,0.94047619047619]",30.2655354,-97.7374878
6,5th_trinity," 63,38,61,29,14,10,14,11,18,25,32,41,45,54,53,54,49,46,72,64,71,83,63,66 ","[0.759036144578313,0.457831325301205,0.734939759036145,0.349397590361446,0.168674698795181,0.120481927710843,0.168674698795181,0.132530120481928,0.216867469879518,0.301204819277108,0.385542168674699,0.493975903614458,0.542168674698795,0.650602409638554,0.63855421686747,0.650602409638554,0.590361445783133,0.55421686746988,0.867469879518072,0.771084337349398,0.855421686746988,1,0.759036144578313,0.795180722891566]",30.2661324,-97.7396774
7,6th_campbell," 22,22,22,14,6,4,4,14,24,60,58,67,59,76,77,73,67,48,53,57,42,43,42,32 ","[0.285714285714286,0.285714285714286,0.285714285714286,0.181818181818182,0.0779220779220779,0.051948051948052,0.051948051948052,0.181818181818182,0.311688311688312,0.779220779220779,0.753246753246753,0.87012987012987,0.766233766233766,0.987012987012987,1,0.948051948051948,0.87012987012987,0.623376623376623,0.688311688311688,0.74025974025974,0.545454545454545,0.558441558441558,0.545454545454545,0.415584415584416]",30.2757683,-97.7642212
8,6th_ih35," 98,89,103,56,37,41,51,70,88,104,107,130,134,99,137,124,132,123,119,134,117,112,106,109 ","[0.715328467153285,0.64963503649635,0.751824817518248,0.408759124087591,0.27007299270073,0.299270072992701,0.372262773722628,0.510948905109489,0.642335766423358,0.759124087591241,0.781021897810219,0.948905109489051,0.978102189781022,0.722627737226277,1,0.905109489051095,0.963503649635037,0.897810218978102,0.868613138686131,0.978102189781022,0.854014598540146,0.817518248175182,0.773722627737226,0.795620437956204]",30.2658806,-97.7350006
9,7th_chicon," 38,34,40,27,25,20,34,39,57,83,80,115,107,89,101,108,86,103,74,103,77,76,59,52 ","[0.330434782608696,0.295652173913043,0.347826086956522,0.234782608695652,0.217391304347826,0.173913043478261,0.295652173913043,0.339130434782609,0.495652173913044,0.721739130434783,0.695652173913043,1,0.930434782608696,0.773913043478261,0.878260869565217,0.939130434782609,0.747826086956522,0.895652173913044,0.643478260869565,0.895652173913044,0.669565217391304,0.660869565217391,0.51304347826087,0.452173913043478]",30.2625771,-97.7221146
10,7th_shady," 22,23,18,17,15,16,24,32,32,47,66,71,57,46,44,59,46,55,34,43,30,45,30,29 ","[0.309859154929577,0.323943661971831,0.253521126760563,0.23943661971831,0.211267605633803,0.225352112676056,0.338028169014085,0.450704225352113,0.450704225352113,0.661971830985915,0.929577464788732,1,0.802816901408451,0.647887323943662,0.619718309859155,0.830985915492958,0.647887323943662,0.774647887323944,0.47887323943662,0.605633802816901,0.422535211267606,0.633802816901408,0.422535211267606,0.408450704225352]",30.2533531,-97.6975708
11,anderson_mill_bethany," 25,19,11,12,9,10,16,41,57,77,95,100,101,101,102,89,86,68,80,81,57,57,46,25 ","[0.245098039215686,0.186274509803922,0.107843137254902,0.117647058823529,0.0882352941176471,0.0980392156862745,0.156862745098039,0.401960784313726,0.558823529411765,0.754901960784314,0.931372549019608,0.980392156862745,0.990196078431373,0.990196078431373,1,0.872549019607843,0.843137254901961,0.666666666666667,0.784313725490196,0.794117647058823,0.558823529411765,0.558823529411765,0.450980392156863,0.245098039215686]",30.4469604,-97.7977066
12,bartonsprings_robertelee," 25,19,17,7,6,12,13,27,64,90,106,132,135,136,137,140,134,146,118,103,96,69,38,35 ","[0.171232876712329,0.13013698630137,0.116438356164384,0.0479452054794521,0.0410958904109589,0.0821917808219178,0.089041095890411,0.184931506849315,0.438356164383562,0.616438356164384,0.726027397260274,0.904109589041096,0.924657534246575,0.931506849315068,0.938356164383562,0.958904109589041,0.917808219178082,1,0.808219178082192,0.705479452054795,0.657534246575342,0.472602739726027,0.26027397260274,0.23972602739726]",30.2647686,-97.7649841
13,benWhite_riverside," 58,55,47,29,20,42,74,90,74,102,113,124,123,135,126,113,96,129,117,100,104,101,94,61 ","[0.42962962962963,0.407407407407407,0.348148148148148,0.214814814814815,0.148148148148148,0.311111111111111,0.548148148148148,0.666666666666667,0.548148148148148,0.755555555555556,0.837037037037037,0.918518518518519,0.911111111111111,1,0.933333333333333,0.837037037037037,0.711111111111111,0.955555555555556,0.866666666666667,0.740740740740741,0.77037037037037,0.748148148148148,0.696296296296296,0.451851851851852]",30.21883,-97.69118
14,burleson_emma_browning," 4,5,3,1,5,8,16,30,29,38,36,39,42,37,53,38,36,43,48,39,39,39,24,25 ","[0.0754716981132075,0.0943396226415094,0.0566037735849057,0.0188679245283019,0.0943396226415094,0.150943396226415,0.30188679245283,0.566037735849057,0.547169811320755,0.716981132075472,0.679245283018868,0.735849056603774,0.792452830188679,0.69811320754717,1,0.716981132075472,0.679245283018868,0.811320754716981,0.905660377358491,0.735849056603774,0.735849056603774,0.735849056603774,0.452830188679245,0.471698113207547]",30.1731625,-97.6705399
15,burnet_45th," 25,16,14,5,7,6,17,26,41,80,74,100,101,123,118,98,102,76,80,91,50,60,34,30 ","[0.203252032520325,0.130081300813008,0.113821138211382,0.040650406504065,0.0569105691056911,0.0487804878048781,0.138211382113821,0.211382113821138,0.333333333333333,0.650406504065041,0.601626016260163,0.813008130081301,0.821138211382114,1,0.959349593495935,0.796747967479675,0.829268292682927,0.617886178861789,0.650406504065041,0.739837398373984,0.40650406504065,0.48780487804878,0.276422764227642,0.24390243902439]",30.3154011,-97.7415695
16,burnet_anderson," 26,22,12,14,11,14,17,51,92,130,144,142,167,178,167,132,118,105,113,105,94,84,59,42 ","[0.146067415730337,0.123595505617978,0.0674157303370786,0.0786516853932584,0.0617977528089888,0.0786516853932584,0.0955056179775281,0.286516853932584,0.51685393258427,0.730337078651685,0.808988764044944,0.797752808988764,0.938202247191011,1,0.938202247191011,0.741573033707865,0.662921348314607,0.589887640449438,0.634831460674157,0.589887640449438,0.528089887640449,0.471910112359551,0.331460674157303,0.235955056179775]",30.3561535,-97.730896
17,burnet_duval_loop1," 22,39,19,22,11,22,21,44,45,65,81,100,99,86,91,93,86,77,89,84,73,74,61,52 ","[0.22,0.39,0.19,0.22,0.11,0.22,0.21,0.44,0.45,0.65,0.81,1,0.99,0.86,0.91,0.93,0.86,0.77,0.89,0.84,0.73,0.74,0.61,0.52]",30.4078178,-97.7158508
18,burnet_koenig," 37,24,22,15,17,10,20,45,98,114,144,177,201,195,187,179,152,157,148,129,124,86,72,56 ","[0.18407960199005,0.119402985074627,0.109452736318408,0.0746268656716418,0.0845771144278607,0.0497512437810945,0.0995024875621891,0.223880597014925,0.487562189054726,0.567164179104478,0.716417910447761,0.880597014925373,1,0.970149253731343,0.930348258706468,0.890547263681592,0.756218905472637,0.781094527363184,0.736318407960199,0.641791044776119,0.616915422885572,0.427860696517413,0.358208955223881,0.278606965174129]",30.3348522,-97.7398224
19,burnet_us183," 62,35,43,21,21,26,62,103,159,185,168,171,238,208,214,212,194,178,160,133,135,137,104,77 ","[0.260504201680672,0.147058823529412,0.180672268907563,0.0882352941176471,0.0882352941176471,0.109243697478992,0.260504201680672,0.432773109243697,0.668067226890756,0.777310924369748,0.705882352941177,0.718487394957983,1,0.873949579831933,0.899159663865546,0.890756302521008,0.815126050420168,0.747899159663866,0.672268907563025,0.558823529411765,0.567226890756303,0.57563025210084,0.436974789915966,0.323529411764706]",30.3728848,-97.7264786
20,cap_tx_hwy_courtyard," 28,23,14,11,10,18,39,65,118,107,148,147,162,181,172,187,163,151,155,122,126,91,62,52 ","[0.149732620320856,0.122994652406417,0.0748663101604278,0.0588235294117647,0.053475935828877,0.0962566844919786,0.20855614973262,0.347593582887701,0.631016042780749,0.572192513368984,0.79144385026738,0.786096256684492,0.866310160427808,0.967914438502674,0.919786096256685,1,0.871657754010695,0.807486631016043,0.828877005347594,0.6524064171123,0.67379679144385,0.486631016042781,0.331550802139037,0.27807486631016]",30.352457,-97.7952881
21,cap_tx_hwy_lakewood," 11,8,17,43,64,85,94,105,119,124,147,157,140,145,131,118,129,70,64,74,42,20,12,6 ","[0.0700636942675159,0.0509554140127389,0.10828025477707,0.273885350318471,0.407643312101911,0.54140127388535,0.598726114649682,0.668789808917197,0.75796178343949,0.789808917197452,0.936305732484076,1,0.89171974522293,0.923566878980892,0.834394904458599,0.751592356687898,0.821656050955414,0.445859872611465,0.407643312101911,0.471337579617834,0.267515923566879,0.127388535031847,0.0764331210191083,0.0382165605095541]",30.3716736,-97.7856598
22,cap_tx_hwy_loop1_nbsr," 56,32,28,16,31,28,59,102,153,191,265,267,269,280,292,244,235,255,242,219,174,139,105,55 ","[0.191780821917808,0.10958904109589,0.0958904109589041,0.0547945205479452,0.106164383561644,0.0958904109589041,0.202054794520548,0.349315068493151,0.523972602739726,0.654109589041096,0.907534246575342,0.914383561643836,0.921232876712329,0.958904109589041,1,0.835616438356164,0.804794520547945,0.873287671232877,0.828767123287671,0.75,0.595890410958904,0.476027397260274,0.35958904109589,0.188356164383562]",30.2477283,-97.8040085
23,cap_tx_hwy_spicewood_springs_north," 25,17,12,16,6,11,32,57,67,96,124,120,166,166,191,176,154,188,145,142,105,91,68,49 ","[0.130890052356021,0.0890052356020942,0.06282722513089,0.0837696335078534,0.031413612565445,0.0575916230366492,0.167539267015707,0.298429319371728,0.350785340314136,0.50261780104712,0.649214659685864,0.628272251308901,0.869109947643979,0.869109947643979,1,0.921465968586387,0.806282722513089,0.984293193717278,0.759162303664921,0.743455497382199,0.549738219895288,0.476439790575916,0.356020942408377,0.256544502617801]",30.3850155,-97.7667313
24,cap_tx_hwy_westgate," 46,38,19,18,27,32,56,94,131,169,241,244,279,286,311,216,243,252,234,205,160,140,119,62 ","[0.147909967845659,0.122186495176849,0.0610932475884244,0.0578778135048231,0.0868167202572347,0.102893890675241,0.180064308681672,0.302250803858521,0.421221864951768,0.543408360128617,0.77491961414791,0.784565916398714,0.897106109324759,0.919614147909968,1,0.694533762057878,0.781350482315113,0.810289389067524,0.752411575562701,0.659163987138264,0.514469453376206,0.45016077170418,0.382636655948553,0.19935691318328]",30.2421951,-97.8011093
25,cap_tx_hwy_westlake," 19,15,6,7,9,17,37,60,123,96,126,144,160,154,179,162,146,127,146,107,105,85,68,44 ","[0.106145251396648,0.0837988826815642,0.0335195530726257,0.0391061452513966,0.0502793296089385,0.0949720670391061,0.206703910614525,0.335195530726257,0.687150837988827,0.536312849162011,0.70391061452514,0.804469273743017,0.893854748603352,0.860335195530726,1,0.905027932960894,0.815642458100559,0.709497206703911,0.815642458100559,0.597765363128492,0.58659217877095,0.474860335195531,0.379888268156425,0.245810055865922]",30.3352509,-97.8062515
26,cesar_chavez_br_reynolds," 40,38,28,12,8,12,23,36,66,101,107,127,142,163,135,166,146,139,130,114,100,90,73,58 ","[0.240963855421687,0.228915662650602,0.168674698795181,0.072289156626506,0.0481927710843374,0.072289156626506,0.13855421686747,0.216867469879518,0.397590361445783,0.608433734939759,0.644578313253012,0.765060240963855,0.855421686746988,0.981927710843373,0.813253012048193,1,0.879518072289157,0.837349397590361,0.783132530120482,0.686746987951807,0.602409638554217,0.542168674698795,0.439759036144578,0.349397590361446]",30.266964,-97.7570953
27,cesar_chavez_ih_35," 153,101,93,84,63,53,77,113,134,152,183,182,190,199,219,218,223,205,188,169,151,160,148,154 ","[0.68609865470852,0.452914798206278,0.417040358744395,0.376681614349776,0.282511210762332,0.237668161434978,0.345291479820628,0.506726457399103,0.600896860986547,0.681614349775785,0.820627802690583,0.816143497757848,0.852017937219731,0.89237668161435,0.982062780269058,0.977578475336323,1,0.919282511210762,0.84304932735426,0.757847533632287,0.677130044843049,0.717488789237668,0.663677130044843,0.690582959641256]",30.2612305,-97.736763
28,cesar_chavez_lavaca," 72,60,44,21,15,17,23,42,67,80,105,115,140,119,142,145,128,131,144,135,117,126,105,97 ","[0.496551724137931,0.413793103448276,0.303448275862069,0.144827586206897,0.103448275862069,0.117241379310345,0.158620689655172,0.289655172413793,0.462068965517241,0.551724137931034,0.724137931034483,0.793103448275862,0.96551724137931,0.820689655172414,0.979310344827586,1,0.882758620689655,0.903448275862069,0.993103448275862,0.931034482758621,0.806896551724138,0.868965517241379,0.724137931034483,0.668965517241379]",30.2640705,-97.7469406
29,cesar_chavez_red_river," 90,78,64,34,23,21,26,41,58,63,109,102,105,93,116,120,116,123,109,135,117,122,127,114 ","[0.666666666666667,0.577777777777778,0.474074074074074,0.251851851851852,0.17037037037037,0.155555555555556,0.192592592592593,0.303703703703704,0.42962962962963,0.466666666666667,0.807407407407407,0.755555555555556,0.777777777777778,0.688888888888889,0.859259259259259,0.888888888888889,0.859259259259259,0.911111111111111,0.807407407407407,1,0.866666666666667,0.903703703703704,0.940740740740741,0.844444444444444]",30.2617817,-97.7387924
30,cesar_chavez_trail_underpass," 33,32,26,13,7,4,18,30,53,86,83,106,126,137,125,164,115,122,121,105,91,75,66,47 ","[0.201219512195122,0.195121951219512,0.158536585365854,0.0792682926829268,0.0426829268292683,0.024390243902439,0.109756097560976,0.182926829268293,0.323170731707317,0.524390243902439,0.50609756097561,0.646341463414634,0.768292682926829,0.835365853658537,0.76219512195122,1,0.701219512195122,0.74390243902439,0.73780487804878,0.640243902439024,0.554878048780488,0.457317073170732,0.402439024390244,0.286585365853659]",30.268652,-97.759929
31,congress_11th," 24,23,16,16,5,7,7,14,14,25,38,34,50,45,51,48,50,47,41,30,43,47,32,21 ","[0.470588235294118,0.450980392156863,0.313725490196078,0.313725490196078,0.0980392156862745,0.137254901960784,0.137254901960784,0.274509803921569,0.274509803921569,0.490196078431373,0.745098039215686,0.666666666666667,0.980392156862745,0.882352941176471,1,0.941176470588235,0.980392156862745,0.92156862745098,0.803921568627451,0.588235294117647,0.843137254901961,0.92156862745098,0.627450980392157,0.411764705882353]",30.2727489,-97.7411041
32,congress_5th," 55,48,54,37,16,10,13,15,24,36,43,47,68,65,69,64,70,73,83,93,104,107,82,84 ","[0.514018691588785,0.448598130841121,0.504672897196262,0.345794392523364,0.149532710280374,0.0934579439252336,0.121495327102804,0.14018691588785,0.224299065420561,0.336448598130841,0.401869158878505,0.439252336448598,0.635514018691589,0.607476635514019,0.644859813084112,0.598130841121495,0.654205607476635,0.682242990654206,0.775700934579439,0.869158878504673,0.97196261682243,1,0.766355140186916,0.785046728971963]",30.2671185,-97.7431717
33,congress_6th," 60,52,44,46,19,19,18,18,38,51,54,78,80,82,83,83,99,91,90,92,118,107,62,76 ","[0.508474576271186,0.440677966101695,0.372881355932203,0.389830508474576,0.161016949152542,0.161016949152542,0.152542372881356,0.152542372881356,0.322033898305085,0.432203389830508,0.457627118644068,0.661016949152542,0.677966101694915,0.694915254237288,0.703389830508475,0.703389830508475,0.838983050847458,0.771186440677966,0.76271186440678,0.779661016949153,1,0.906779661016949,0.525423728813559,0.644067796610169]",30.2680664,-97.7428131
34,congress_benwhite," 67,55,46,34,19,33,59,84,94,136,149,161,137,161,148,121,103,103,101,95,92,82,81,62 ","[0.416149068322981,0.341614906832298,0.285714285714286,0.211180124223602,0.118012422360248,0.204968944099379,0.366459627329193,0.521739130434783,0.583850931677019,0.84472049689441,0.925465838509317,1,0.850931677018634,1,0.919254658385093,0.751552795031056,0.639751552795031,0.639751552795031,0.627329192546584,0.590062111801242,0.571428571428571,0.509316770186335,0.503105590062112,0.385093167701863]",30.2234097,-97.7635956
35,congress_cesar_chavez," 72,72,57,29,21,14,16,42,55,78,120,131,151,138,149,145,134,144,144,164,138,166,127,112 ","[0.433734939759036,0.433734939759036,0.343373493975904,0.174698795180723,0.126506024096386,0.0843373493975904,0.0963855421686747,0.253012048192771,0.331325301204819,0.469879518072289,0.72289156626506,0.789156626506024,0.909638554216867,0.831325301204819,0.897590361445783,0.873493975903614,0.807228915662651,0.867469879518072,0.867469879518072,0.987951807228916,0.831325301204819,1,0.765060240963855,0.674698795180723]",30.263382,-97.7445679
36,congress_elizabeth," 47,27,27,13,10,8,19,31,32,47,63,73,107,101,119,133,92,100,109,92,86,84,65,52 ","[0.353383458646617,0.203007518796992,0.203007518796992,0.0977443609022556,0.075187969924812,0.0601503759398496,0.142857142857143,0.233082706766917,0.240601503759398,0.353383458646617,0.473684210526316,0.548872180451128,0.804511278195489,0.759398496240602,0.894736842105263,1,0.691729323308271,0.75187969924812,0.819548872180451,0.691729323308271,0.646616541353383,0.631578947368421,0.488721804511278,0.390977443609023]",30.2489243,-97.749939
37,congress_oltorf," 67,40,38,19,13,24,52,59,91,123,142,154,192,166,182,183,150,164,168,131,128,113,111,83 ","[0.348958333333333,0.208333333333333,0.197916666666667,0.0989583333333333,0.0677083333333333,0.125,0.270833333333333,0.307291666666667,0.473958333333333,0.640625,0.739583333333333,0.802083333333333,1,0.864583333333333,0.947916666666667,0.953125,0.78125,0.854166666666667,0.875,0.682291666666667,0.666666666666667,0.588541666666667,0.578125,0.432291666666667]",30.23876,-97.7535172
38,congress_stassney," 46,31,28,20,6,11,43,67,71,102,141,162,158,179,163,151,154,140,115,128,110,95,88,60 ","[0.256983240223464,0.173184357541899,0.156424581005587,0.111731843575419,0.0335195530726257,0.0614525139664804,0.240223463687151,0.374301675977654,0.396648044692737,0.569832402234637,0.787709497206704,0.905027932960894,0.88268156424581,1,0.910614525139665,0.843575418994413,0.860335195530726,0.782122905027933,0.642458100558659,0.715083798882682,0.614525139664804,0.53072625698324,0.491620111731844,0.335195530726257]",30.204942,-97.77479
39,cota_northgate," 3,3,NA,2,2,2,5,11,9,1,NA,NA,1,2,NA,NA,NA,NA,NA,NA,NA,NA,NA,NA ","[0.272727272727273,0.272727272727273,NA,0.181818181818182,0.181818181818182,0.181818181818182,0.454545454545455,1,0.818181818181818,0.0909090909090909,NA,NA,0.0909090909090909,0.181818181818182,NA,NA,NA,NA,NA,NA,NA,NA,NA,NA]",30.146154,-97.623441
40,elroy_mcangus," 3,3,1,3,2,3,7,10,21,18,28,22,18,31,41,20,13,16,28,26,24,26,12,14 ","[0.0731707317073171,0.0731707317073171,0.024390243902439,0.0731707317073171,0.0487804878048781,0.0731707317073171,0.170731707317073,0.24390243902439,0.51219512195122,0.439024390243902,0.682926829268293,0.536585365853659,0.439024390243902,0.75609756097561,1,0.48780487804878,0.317073170731707,0.390243902439024,0.682926829268293,0.634146341463415,0.585365853658537,0.634146341463415,0.292682926829268,0.341463414634146]",30.153975,-97.639766
41,fm_2222_loop360," 33,12,15,15,5,13,29,32,66,87,133,136,131,152,148,117,133,125,147,115,110,79,80,45 ","[0.217105263157895,0.0789473684210526,0.0986842105263158,0.0986842105263158,0.0328947368421053,0.0855263157894737,0.190789473684211,0.210526315789474,0.434210526315789,0.572368421052632,0.875,0.894736842105263,0.861842105263158,1,0.973684210526316,0.769736842105263,0.875,0.822368421052632,0.967105263157895,0.756578947368421,0.723684210526316,0.519736842105263,0.526315789473684,0.296052631578947]",30.359251,-97.7905273
42,fm2222_bell_mountain," 23,19,8,10,8,13,20,35,52,67,93,105,118,110,129,98,121,115,118,95,87,67,65,51 ","[0.178294573643411,0.147286821705426,0.062015503875969,0.0775193798449612,0.062015503875969,0.10077519379845,0.155038759689922,0.271317829457364,0.403100775193798,0.51937984496124,0.720930232558139,0.813953488372093,0.914728682170543,0.852713178294574,1,0.75968992248062,0.937984496124031,0.891472868217054,0.914728682170543,0.736434108527132,0.674418604651163,0.51937984496124,0.503875968992248,0.395348837209302]",30.3771896,-97.8054581
43,fm2222_loop1," 24,13,20,9,12,11,25,36,80,106,123,135,148,138,147,109,105,104,96,83,74,65,61,33 ","[0.162162162162162,0.0878378378378378,0.135135135135135,0.0608108108108108,0.0810810810810811,0.0743243243243243,0.168918918918919,0.243243243243243,0.540540540540541,0.716216216216216,0.831081081081081,0.912162162162162,1,0.932432432432432,0.993243243243243,0.736486486486487,0.709459459459459,0.702702702702703,0.648648648648649,0.560810810810811,0.5,0.439189189189189,0.412162162162162,0.222972972972973]",30.3367844,-97.7559586
44,fm2222_mcneil," 28,14,8,12,7,13,23,41,68,82,100,105,136,134,146,113,139,117,126,112,106,75,67,55 ","[0.191780821917808,0.0958904109589041,0.0547945205479452,0.0821917808219178,0.0479452054794521,0.089041095890411,0.157534246575342,0.280821917808219,0.465753424657534,0.561643835616438,0.684931506849315,0.719178082191781,0.931506849315068,0.917808219178082,1,0.773972602739726,0.952054794520548,0.801369863013699,0.863013698630137,0.767123287671233,0.726027397260274,0.513698630136986,0.458904109589041,0.376712328767123]",30.3920841,-97.8351898
45,fm2222_riverplace," 35,18,10,12,9,14,22,46,87,100,119,161,172,165,188,137,175,163,164,135,129,106,95,63 ","[0.186170212765957,0.0957446808510638,0.0531914893617021,0.0638297872340425,0.0478723404255319,0.074468085106383,0.117021276595745,0.24468085106383,0.462765957446808,0.531914893617021,0.632978723404255,0.856382978723404,0.914893617021277,0.877659574468085,1,0.728723404255319,0.930851063829787,0.867021276595745,0.872340425531915,0.718085106382979,0.686170212765957,0.563829787234043,0.50531914893617,0.335106382978723]",30.3945255,-97.8455124
46,fm2222_rm620," 39,30,18,17,8,20,37,78,108,138,165,195,218,223,253,207,212,223,226,246,173,171,126,85 ","[0.154150197628458,0.118577075098814,0.0711462450592885,0.0671936758893281,0.0316205533596838,0.0790513833992095,0.146245059288538,0.308300395256917,0.426877470355731,0.545454545454545,0.652173913043478,0.770750988142292,0.861660079051383,0.881422924901186,1,0.818181818181818,0.837944664031621,0.881422924901186,0.893280632411067,0.972332015810277,0.683794466403162,0.675889328063241,0.49802371541502,0.33596837944664]",30.4036922,-97.8540649
47,fm973_burleson," 9,11,10,4,8,10,16,41,44,54,63,53,70,59,69,56,48,58,58,58,49,57,30,34 ","[0.128571428571429,0.157142857142857,0.142857142857143,0.0571428571428571,0.114285714285714,0.142857142857143,0.228571428571429,0.585714285714286,0.628571428571429,0.771428571428571,0.9,0.757142857142857,1,0.842857142857143,0.985714285714286,0.8,0.685714285714286,0.828571428571429,0.828571428571429,0.828571428571429,0.7,0.814285714285714,0.428571428571429,0.485714285714286]",30.167316,-97.659321
48,fm973_pearce," 8,2,6,8,5,5,9,25,29,30,43,37,50,54,50,44,46,42,45,43,38,39,14,13 ","[0.148148148148148,0.037037037037037,0.111111111111111,0.148148148148148,0.0925925925925926,0.0925925925925926,0.166666666666667,0.462962962962963,0.537037037037037,0.555555555555556,0.796296296296296,0.685185185185185,0.925925925925926,1,0.925925925925926,0.814814814814815,0.851851851851852,0.777777777777778,0.833333333333333,0.796296296296296,0.703703703703704,0.722222222222222,0.259259259259259,0.240740740740741]",30.18069517,-97.64674967
49,guadalupe_15th," 44,42,26,22,19,20,33,21,41,52,69,88,120,102,109,109,101,106,111,110,94,78,84,73 ","[0.366666666666667,0.35,0.216666666666667,0.183333333333333,0.158333333333333,0.166666666666667,0.275,0.175,0.341666666666667,0.433333333333333,0.575,0.733333333333333,1,0.85,0.908333333333333,0.908333333333333,0.841666666666667,0.883333333333333,0.925,0.916666666666667,0.783333333333333,0.65,0.7,0.608333333333333]",30.2779,-97.743
50,guadalupe_21st," 29,34,24,19,18,10,24,15,36,37,62,76,94,84,85,84,95,74,64,70,64,58,51,47 ","[0.305263157894737,0.357894736842105,0.252631578947368,0.2,0.189473684210526,0.105263157894737,0.252631578947368,0.157894736842105,0.378947368421053,0.389473684210526,0.652631578947368,0.8,0.989473684210526,0.884210526315789,0.894736842105263,0.884210526315789,1,0.778947368421053,0.673684210526316,0.736842105263158,0.673684210526316,0.610526315789474,0.536842105263158,0.494736842105263]",30.2837963,-97.7419052
51,guadalupe_24th," 38,38,30,15,15,9,28,20,47,53,68,81,105,100,104,99,92,85,74,68,63,59,56,55 ","[0.361904761904762,0.361904761904762,0.285714285714286,0.142857142857143,0.142857142857143,0.0857142857142857,0.266666666666667,0.19047619047619,0.447619047619048,0.504761904761905,0.647619047619048,0.771428571428571,1,0.952380952380952,0.990476190476191,0.942857142857143,0.876190476190476,0.80952380952381,0.704761904761905,0.647619047619048,0.6,0.561904761904762,0.533333333333333,0.523809523809524]",30.2877197,-97.7415466
52,guadalupe_26th," 34,33,34,13,12,7,20,15,43,44,54,67,97,87,83,85,96,85,65,74,65,57,56,56 ","[0.350515463917526,0.34020618556701,0.350515463917526,0.134020618556701,0.123711340206186,0.0721649484536082,0.206185567010309,0.154639175257732,0.443298969072165,0.45360824742268,0.556701030927835,0.690721649484536,1,0.896907216494845,0.855670103092783,0.876288659793814,0.989690721649485,0.876288659793814,0.670103092783505,0.762886597938144,0.670103092783505,0.587628865979381,0.577319587628866,0.577319587628866]",30.289814,-97.7413559
53,guadalupe_27th," 28,22,24,13,9,8,13,12,21,33,41,49,74,72,70,70,72,53,50,59,51,39,38,48 ","[0.378378378378378,0.297297297297297,0.324324324324324,0.175675675675676,0.121621621621622,0.108108108108108,0.175675675675676,0.162162162162162,0.283783783783784,0.445945945945946,0.554054054054054,0.662162162162162,1,0.972972972972973,0.945945945945946,0.945945945945946,0.972972972972973,0.716216216216216,0.675675675675676,0.797297297297297,0.689189189189189,0.527027027027027,0.513513513513513,0.648648648648649]",30.2919846,-97.7411499
54,guadalupe_5th," 71,59,70,28,14,13,23,29,34,52,64,84,115,96,99,92,87,102,107,98,105,101,87,109 ","[0.617391304347826,0.51304347826087,0.608695652173913,0.243478260869565,0.121739130434783,0.11304347826087,0.2,0.252173913043478,0.295652173913043,0.452173913043478,0.556521739130435,0.730434782608696,1,0.834782608695652,0.860869565217391,0.8,0.756521739130435,0.88695652173913,0.930434782608696,0.852173913043478,0.91304347826087,0.878260869565217,0.756521739130435,0.947826086956522]",30.2680931,-97.7466354
55,guadalupe_6th," 53,50,49,27,13,15,20,20,30,48,60,69,81,89,80,65,81,74,62,83,90,91,84,89 ","[0.582417582417582,0.549450549450549,0.538461538461538,0.296703296703297,0.142857142857143,0.164835164835165,0.21978021978022,0.21978021978022,0.32967032967033,0.527472527472527,0.659340659340659,0.758241758241758,0.89010989010989,0.978021978021978,0.879120879120879,0.714285714285714,0.89010989010989,0.813186813186813,0.681318681318681,0.912087912087912,0.989010989010989,1,0.923076923076923,0.978021978021978]",30.2690239,-97.7462616
56,ih_35_riverside,"235,164,179,130,128,000,000,000,000,000,000,000,000,000,000,000,000,000,000,000,000,000,000,000","[0.472837022132797,0.329979879275654,0.360160965794769,0.261569416498994,0.257545271629779,0.249496981891348,0.422535211267606,0.507042253521127,0.605633802816901,0.668008048289738,0.672032193158954,0.826961770623742,1,0.784708249496982,0.877263581488934,0.953722334004024,0.790744466800805,0.849094567404427,0.722334004024145,0.682092555331992,0.674044265593561,0.645875251509054,0.549295774647887,0.527162977867203]",30.2478428,-97.7348862
57,lamar_12th," 39,24,26,13,12,12,13,28,55,62,99,105,134,112,131,134,125,132,113,105,88,76,77,42 ","[0.291044776119403,0.17910447761194,0.194029850746269,0.0970149253731343,0.0895522388059701,0.0895522388059701,0.0970149253731343,0.208955223880597,0.41044776119403,0.462686567164179,0.738805970149254,0.783582089552239,1,0.835820895522388,0.977611940298508,1,0.932835820895522,0.985074626865672,0.843283582089552,0.783582089552239,0.656716417910448,0.567164179104478,0.574626865671642,0.313432835820896]",30.277359,-97.7511673
58,lamar_24th," 27,24,26,20,9,6,13,24,41,68,84,115,95,112,117,128,106,108,92,89,67,66,68,50 ","[0.2109375,0.1875,0.203125,0.15625,0.0703125,0.046875,0.1015625,0.1875,0.3203125,0.53125,0.65625,0.8984375,0.7421875,0.875,0.9140625,1,0.828125,0.84375,0.71875,0.6953125,0.5234375,0.515625,0.53125,0.390625]",30.2885342,-97.7527695
59,lamar_29th," 19,13,16,12,3,6,12,17,38,59,68,103,107,116,101,103,94,94,87,76,64,46,54,25 ","[0.163793103448276,0.112068965517241,0.137931034482759,0.103448275862069,0.0258620689655172,0.0517241379310345,0.103448275862069,0.146551724137931,0.327586206896552,0.508620689655172,0.586206896551724,0.887931034482759,0.922413793103448,1,0.870689655172414,0.887931034482759,0.810344827586207,0.810344827586207,0.75,0.655172413793103,0.551724137931034,0.396551724137931,0.46551724137931,0.21551724137931]",30.2981358,-97.7484741
60,lamar_38th," 32,21,21,13,4,15,22,32,81,111,115,152,141,158,129,132,118,126,111,98,79,61,60,46 ","[0.20253164556962,0.132911392405063,0.132911392405063,0.0822784810126582,0.0253164556962025,0.0949367088607595,0.139240506329114,0.20253164556962,0.512658227848101,0.70253164556962,0.727848101265823,0.962025316455696,0.892405063291139,1,0.816455696202532,0.835443037974684,0.746835443037975,0.79746835443038,0.70253164556962,0.620253164556962,0.5,0.386075949367089,0.379746835443038,0.291139240506329]",30.3051968,-97.7430496
61,lamar_45th," 37,28,21,11,6,13,28,38,70,89,103,125,113,166,126,118,126,118,100,107,78,69,52,39 ","[0.22289156626506,0.168674698795181,0.126506024096386,0.0662650602409639,0.036144578313253,0.0783132530120482,0.168674698795181,0.228915662650602,0.421686746987952,0.536144578313253,0.620481927710843,0.753012048192771,0.680722891566265,1,0.759036144578313,0.710843373493976,0.759036144578313,0.710843373493976,0.602409638554217,0.644578313253012,0.469879518072289,0.41566265060241,0.313253012048193,0.234939759036145]",30.3134632,-97.7375946
62,lamar_51st," 37,33,24,24,12,16,23,32,57,69,105,100,117,122,119,106,113,112,91,91,69,60,55,41 ","[0.30327868852459,0.270491803278689,0.19672131147541,0.19672131147541,0.0983606557377049,0.131147540983607,0.188524590163934,0.262295081967213,0.467213114754098,0.565573770491803,0.860655737704918,0.819672131147541,0.959016393442623,1,0.975409836065574,0.868852459016393,0.926229508196721,0.918032786885246,0.745901639344262,0.745901639344262,0.565573770491803,0.491803278688525,0.450819672131148,0.336065573770492]",30.3187695,-97.7308197
63,lamar_6th," 62,48,68,37,20,18,27,45,71,111,156,182,175,166,199,194,190,171,150,166,130,122,119,96 ","[0.311557788944724,0.241206030150754,0.341708542713568,0.185929648241206,0.100502512562814,0.0904522613065327,0.135678391959799,0.226130653266332,0.35678391959799,0.557788944723618,0.78391959798995,0.914572864321608,0.879396984924623,0.834170854271357,1,0.974874371859296,0.954773869346734,0.85929648241206,0.753768844221106,0.834170854271357,0.653266331658292,0.613065326633166,0.597989949748744,0.482412060301508]",30.2715378,-97.7539673
64,lamar_airport," 42,29,11,23,13,14,39,37,49,71,101,98,93,119,121,103,89,89,90,73,65,61,58,33 ","[0.347107438016529,0.239669421487603,0.0909090909090909,0.190082644628099,0.107438016528926,0.115702479338843,0.322314049586777,0.305785123966942,0.40495867768595,0.586776859504132,0.834710743801653,0.809917355371901,0.768595041322314,0.983471074380165,1,0.851239669421488,0.735537190082645,0.735537190082645,0.743801652892562,0.603305785123967,0.537190082644628,0.504132231404959,0.479338842975207,0.272727272727273]",30.3376293,-97.7188721
65,Lamar_and_Manchca_Barton_skyway," 39,20,15,5,12,15,22,35,70,100,115,162,137,146,154,132,154,150,130,119,116,93,74,59 ","[0.240740740740741,0.123456790123457,0.0925925925925926,0.0308641975308642,0.0740740740740741,0.0925925925925926,0.135802469135802,0.216049382716049,0.432098765432099,0.617283950617284,0.709876543209877,1,0.845679012345679,0.901234567901235,0.950617283950617,0.814814814814815,0.950617283950617,0.925925925925926,0.802469135802469,0.734567901234568,0.716049382716049,0.574074074074074,0.45679012345679,0.364197530864198]",30.244257,-97.781395
66,lamar_barton_springs," 68,41,32,16,10,19,30,55,119,126,179,218,209,235,206,233,225,236,210,189,166,136,111,105 ","[0.288135593220339,0.173728813559322,0.135593220338983,0.0677966101694915,0.0423728813559322,0.0805084745762712,0.127118644067797,0.233050847457627,0.504237288135593,0.533898305084746,0.758474576271186,0.923728813559322,0.885593220338983,0.995762711864407,0.872881355932203,0.98728813559322,0.953389830508475,1,0.889830508474576,0.800847457627119,0.703389830508475,0.576271186440678,0.470338983050847,0.444915254237288]",30.2608624,-97.758522
67,Lamar_Blue_Bonnet," 38,19,18,8,9,11,27,29,64,97,108,134,119,136,122,140,144,139,129,132,106,89,69,57 ","[0.263888888888889,0.131944444444444,0.125,0.0555555555555556,0.0625,0.0763888888888889,0.1875,0.201388888888889,0.444444444444444,0.673611111111111,0.75,0.930555555555556,0.826388888888889,0.944444444444444,0.847222222222222,0.972222222222222,1,0.965277777777778,0.895833333333333,0.916666666666667,0.736111111111111,0.618055555555556,0.479166666666667,0.395833333333333]",30.2469234,-97.7771835
68,lamar_braker," 65,47,37,42,17,30,56,101,124,156,174,194,262,287,234,207,212,222,193,203,163,167,131,85 ","[0.226480836236934,0.163763066202091,0.128919860627178,0.146341463414634,0.0592334494773519,0.104529616724739,0.195121951219512,0.35191637630662,0.43205574912892,0.543554006968641,0.606271777003484,0.67595818815331,0.912891986062718,1,0.815331010452962,0.721254355400697,0.738675958188153,0.773519163763066,0.672473867595819,0.707317073170732,0.56794425087108,0.581881533101045,0.456445993031359,0.29616724738676]",30.3819351,-97.6863708
69,Lamar_BrodieOaks," 24,17,14,6,10,6,23,21,58,88,119,151,158,157,142,138,134,150,117,130,84,79,55,51 ","[0.151898734177215,0.107594936708861,0.0886075949367089,0.0379746835443038,0.0632911392405063,0.0379746835443038,0.145569620253165,0.132911392405063,0.367088607594937,0.556962025316456,0.753164556962025,0.955696202531646,1,0.993670886075949,0.89873417721519,0.873417721518987,0.848101265822785,0.949367088607595,0.740506329113924,0.822784810126582,0.531645569620253,0.5,0.348101265822785,0.322784810126582]",30.2362595,-97.7925873
70,lamar_koenig," 45,32,22,19,17,17,38,59,99,92,129,129,117,148,156,146,141,128,109,103,81,80,62,46 ","[0.288461538461538,0.205128205128205,0.141025641025641,0.121794871794872,0.108974358974359,0.108974358974359,0.243589743589744,0.378205128205128,0.634615384615385,0.58974358974359,0.826923076923077,0.826923076923077,0.75,0.948717948717949,1,0.935897435897436,0.903846153846154,0.82051282051282,0.698717948717949,0.66025641025641,0.519230769230769,0.512820512820513,0.397435897435897,0.294871794871795]",30.325943,-97.7263336
71,lamar_lamar_square," 37,23,24,10,9,13,25,32,72,74,107,113,113,119,108,107,114,121,116,118,99,86,70,66 ","[0.305785123966942,0.190082644628099,0.198347107438017,0.0826446280991736,0.0743801652892562,0.107438016528926,0.206611570247934,0.264462809917355,0.59504132231405,0.611570247933884,0.884297520661157,0.933884297520661,0.933884297520661,0.983471074380165,0.892561983471074,0.884297520661157,0.942148760330578,1,0.958677685950413,0.975206611570248,0.818181818181818,0.710743801652893,0.578512396694215,0.545454545454545]",30.2542477,-97.7625885
72,lamar_mlk," 24,22,20,12,6,6,17,20,33,62,80,93,87,114,108,121,104,102,90,92,64,53,59,33 ","[0.198347107438017,0.181818181818182,0.165289256198347,0.0991735537190083,0.0495867768595041,0.0495867768595041,0.140495867768595,0.165289256198347,0.272727272727273,0.512396694214876,0.661157024793388,0.768595041322314,0.71900826446281,0.942148760330578,0.892561983471074,1,0.859504132231405,0.84297520661157,0.743801652892562,0.760330578512397,0.528925619834711,0.43801652892562,0.487603305785124,0.272727272727273]",30.2836018,-97.7520752
73,lamar_morrow," 37,28,24,21,16,16,33,44,57,73,106,116,105,119,125,123,106,124,98,92,76,65,59,41 ","[0.296,0.224,0.192,0.168,0.128,0.128,0.264,0.352,0.456,0.584,0.848,0.928,0.84,0.952,1,0.984,0.848,0.992,0.784,0.736,0.608,0.52,0.472,0.328]",30.3439732,-97.7149658
74,lamar_oltorf," 45,24,19,11,13,19,28,30,67,84,123,135,136,125,147,144,154,135,122,110,117,84,76,68 ","[0.292207792207792,0.155844155844156,0.123376623376623,0.0714285714285714,0.0844155844155844,0.123376623376623,0.181818181818182,0.194805194805195,0.435064935064935,0.545454545454545,0.798701298701299,0.876623376623377,0.883116883116883,0.811688311688312,0.954545454545455,0.935064935064935,1,0.876623376623377,0.792207792207792,0.714285714285714,0.75974025974026,0.545454545454545,0.493506493506494,0.441558441558442]",30.2484131,-97.7699509
75,lamar_parmer," 61,51,34,39,34,33,55,110,122,186,213,226,272,256,257,237,230,247,226,219,210,181,128,87 ","[0.224264705882353,0.1875,0.125,0.143382352941176,0.125,0.121323529411765,0.202205882352941,0.404411764705882,0.448529411764706,0.683823529411765,0.783088235294118,0.830882352941177,1,0.941176470588235,0.944852941176471,0.871323529411765,0.845588235294118,0.908088235294118,0.830882352941177,0.805147058823529,0.772058823529412,0.665441176470588,0.470588235294118,0.319852941176471]",30.4078522,-97.6782227
76,lamar_payton_gin," 61,43,31,25,13,24,56,88,104,114,123,158,186,183,165,155,169,156,146,155,145,142,113,76 ","[0.327956989247312,0.231182795698925,0.166666666666667,0.134408602150538,0.0698924731182796,0.129032258064516,0.301075268817204,0.473118279569892,0.559139784946237,0.612903225806452,0.661290322580645,0.849462365591398,1,0.983870967741935,0.887096774193548,0.833333333333333,0.908602150537634,0.838709677419355,0.78494623655914,0.833333333333333,0.779569892473118,0.763440860215054,0.60752688172043,0.408602150537634]",30.3576469,-97.7001114
77,lamar_riverside," 58,26,26,9,9,17,24,38,71,88,130,156,140,189,165,163,170,159,154,133,119,90,98,72 ","[0.306878306878307,0.137566137566138,0.137566137566138,0.0476190476190476,0.0476190476190476,0.0899470899470899,0.126984126984127,0.201058201058201,0.375661375661376,0.465608465608466,0.687830687830688,0.825396825396825,0.740740740740741,1,0.873015873015873,0.862433862433862,0.899470899470899,0.841269841269841,0.814814814814815,0.703703703703704,0.62962962962963,0.476190476190476,0.518518518518518,0.380952380952381]",30.2645245,-97.757103
78,lamar_rundberg," 99,66,58,42,29,40,100,139,158,182,209,224,277,286,250,225,231,228,218,230,210,203,186,134 ","[0.346153846153846,0.230769230769231,0.202797202797203,0.146853146853147,0.101398601398601,0.13986013986014,0.34965034965035,0.486013986013986,0.552447552447552,0.636363636363636,0.730769230769231,0.783216783216783,0.968531468531469,1,0.874125874125874,0.786713286713287,0.807692307692308,0.797202797202797,0.762237762237762,0.804195804195804,0.734265734265734,0.70979020979021,0.65034965034965,0.468531468531469]",30.3631401,-97.6970215
79,lavaca_15th," 44,46,35,23,14,23,29,25,34,56,72,84,103,102,109,107,99,102,103,102,93,73,77,63 ","[0.403669724770642,0.422018348623853,0.321100917431193,0.211009174311927,0.128440366972477,0.211009174311927,0.26605504587156,0.229357798165138,0.311926605504587,0.513761467889908,0.660550458715596,0.770642201834862,0.944954128440367,0.935779816513762,1,0.981651376146789,0.908256880733945,0.935779816513762,0.944954128440367,0.935779816513762,0.853211009174312,0.669724770642202,0.706422018348624,0.577981651376147]",30.2776051,-97.7419281
80,lavaca_5th," 73,53,75,45,15,16,20,30,28,59,60,62,76,81,83,92,92,99,110,105,108,119,99,105 ","[0.613445378151261,0.445378151260504,0.630252100840336,0.378151260504202,0.126050420168067,0.134453781512605,0.168067226890756,0.252100840336134,0.235294117647059,0.495798319327731,0.504201680672269,0.521008403361345,0.638655462184874,0.680672268907563,0.697478991596639,0.773109243697479,0.773109243697479,0.831932773109244,0.92436974789916,0.882352941176471,0.907563025210084,1,0.831932773109244,0.882352941176471]",30.2677956,-97.7455444
81,lavaca_6th," 67,65,68,49,17,19,21,28,37,60,65,72,86,93,82,86,86,84,90,98,98,108,77,104 ","[0.62037037037037,0.601851851851852,0.62962962962963,0.453703703703704,0.157407407407407,0.175925925925926,0.194444444444444,0.259259259259259,0.342592592592593,0.555555555555556,0.601851851851852,0.666666666666667,0.796296296296296,0.861111111111111,0.759259259259259,0.796296296296296,0.796296296296296,0.777777777777778,0.833333333333333,0.907407407407407,0.907407407407407,1,0.712962962962963,0.962962962962963]",30.2687168,-97.7452011
82,mlk_guadalupe," 38,28,40,21,15,15,42,30,41,51,64,95,89,87,98,90,91,76,69,80,83,66,68,53 ","[0.387755102040816,0.285714285714286,0.408163265306122,0.214285714285714,0.153061224489796,0.153061224489796,0.428571428571429,0.306122448979592,0.418367346938776,0.520408163265306,0.653061224489796,0.969387755102041,0.908163265306122,0.887755102040816,1,0.918367346938776,0.928571428571429,0.775510204081633,0.704081632653061,0.816326530612245,0.846938775510204,0.673469387755102,0.693877551020408,0.540816326530612]",30.2817326,-97.7419281
83,mlk_ih35," 63,43,41,27,26,24,57,57,56,72,84,103,96,83,94,117,107,105,88,83,65,60,48,59 ","[0.538461538461538,0.367521367521368,0.35042735042735,0.230769230769231,0.222222222222222,0.205128205128205,0.487179487179487,0.487179487179487,0.478632478632479,0.615384615384615,0.717948717948718,0.88034188034188,0.82051282051282,0.709401709401709,0.803418803418803,1,0.914529914529915,0.897435897435897,0.752136752136752,0.709401709401709,0.555555555555556,0.512820512820513,0.41025641025641,0.504273504273504]",30.2785587,-97.730484
84,mlk_lavaca," 34,26,29,14,12,10,26,26,35,45,57,77,73,66,70,86,70,64,53,60,65,54,49,37 ","[0.395348837209302,0.302325581395349,0.337209302325581,0.162790697674419,0.13953488372093,0.116279069767442,0.302325581395349,0.302325581395349,0.406976744186047,0.523255813953488,0.662790697674419,0.895348837209302,0.848837209302326,0.767441860465116,0.813953488372093,1,0.813953488372093,0.744186046511628,0.616279069767442,0.697674418604651,0.755813953488372,0.627906976744186,0.569767441860465,0.430232558139535]",30.2813282,-97.740509
85,mlk_red_river," 24,20,24,7,10,16,39,37,33,54,59,70,64,69,62,93,74,73,53,49,50,41,36,31 ","[0.258064516129032,0.21505376344086,0.258064516129032,0.0752688172043011,0.10752688172043,0.172043010752688,0.419354838709677,0.397849462365591,0.354838709677419,0.580645161290323,0.634408602150538,0.752688172043011,0.688172043010753,0.741935483870968,0.666666666666667,1,0.795698924731183,0.78494623655914,0.56989247311828,0.526881720430108,0.537634408602151,0.440860215053763,0.387096774193548,0.333333333333333]",30.2789745,-97.732193
86,pascal_loop360," 22,16,12,8,7,19,33,65,99,105,133,134,144,145,163,153,137,142,130,104,108,64,50,37 ","[0.134969325153374,0.098159509202454,0.0736196319018405,0.049079754601227,0.0429447852760736,0.116564417177914,0.202453987730061,0.398773006134969,0.607361963190184,0.644171779141104,0.815950920245399,0.822085889570552,0.883435582822086,0.889570552147239,1,0.938650306748466,0.840490797546012,0.871165644171779,0.797546012269939,0.638036809815951,0.662576687116564,0.392638036809816,0.306748466257669,0.226993865030675]",30.3154545,-97.8260498
87,red_river_32nd," 15,13,11,4,4,7,7,13,17,19,29,36,33,38,32,49,42,38,23,25,22,24,26,16 ","[0.306122448979592,0.26530612244898,0.224489795918367,0.0816326530612245,0.0816326530612245,0.142857142857143,0.142857142857143,0.26530612244898,0.346938775510204,0.387755102040816,0.591836734693878,0.73469387755102,0.673469387755102,0.775510204081633,0.653061224489796,1,0.857142857142857,0.775510204081633,0.469387755102041,0.510204081632653,0.448979591836735,0.489795918367347,0.530612244897959,0.326530612244898]",30.2910519,-97.72715
88,red_river_dean_keeton," NA,16,33,11,8,17,23,50,52,56,68,73,68,72,79,68,73,81,57,38,37,39,33,18 ","[NA,0.197530864197531,0.407407407407407,0.135802469135802,0.0987654320987654,0.209876543209877,0.283950617283951,0.617283950617284,0.641975308641975,0.691358024691358,0.839506172839506,0.901234567901235,0.839506172839506,0.888888888888889,0.975308641975309,0.839506172839506,0.901234567901235,1,0.703703703703704,0.469135802469136,0.45679012345679,0.481481481481481,0.407407407407407,0.222222222222222]",30.2871666,-97.7267456
89,riverside_congress," 3,NA,NA,1,1,NA,2,2,1,2,NA,NA,3,4,1,2,1,2,2,1,6,4,4,3 ","[0.5,NA,NA,0.166666666666667,0.166666666666667,NA,0.333333333333333,0.333333333333333,0.166666666666667,0.333333333333333,NA,NA,0.5,0.666666666666667,0.166666666666667,0.333333333333333,0.166666666666667,0.333333333333333,0.333333333333333,0.166666666666667,1,0.666666666666667,0.666666666666667,0.5]",30.257143,-97.7468719
90,riverside_montopolis," 68,55,55,23,26,30,67,84,81,114,126,157,149,175,157,179,158,177,162,152,141,134,120,83 ","[0.379888268156425,0.307262569832402,0.307262569832402,0.128491620111732,0.145251396648045,0.167597765363128,0.374301675977654,0.46927374301676,0.452513966480447,0.636871508379888,0.70391061452514,0.877094972067039,0.832402234636871,0.977653631284916,0.877094972067039,1,0.88268156424581,0.988826815642458,0.905027932960894,0.849162011173184,0.787709497206704,0.748603351955307,0.670391061452514,0.463687150837989]",30.2249317,-97.7034378
91,riverside_plesant_valley," 53,45,50,33,21,26,45,88,89,126,130,200,176,181,154,160,160,163,158,163,145,135,124,82 ","[0.265,0.225,0.25,0.165,0.105,0.13,0.225,0.44,0.445,0.63,0.65,1,0.88,0.905,0.77,0.8,0.8,0.815,0.79,0.815,0.725,0.675,0.62,0.41]",30.2341137,-97.7228088
92,rm620_boulder_north," 29,25,17,11,15,9,33,61,105,129,145,172,160,151,216,158,150,173,164,130,115,113,85,61 ","[0.134259259259259,0.115740740740741,0.0787037037037037,0.0509259259259259,0.0694444444444444,0.0416666666666667,0.152777777777778,0.282407407407407,0.486111111111111,0.597222222222222,0.671296296296296,0.796296296296296,0.740740740740741,0.699074074074074,1,0.731481481481482,0.694444444444444,0.800925925925926,0.759259259259259,0.601851851851852,0.532407407407407,0.523148148148148,0.393518518518519,0.282407407407407]",30.4434834,-97.8331299
93,rm620_boulder_south," 28,27,19,11,10,9,32,60,93,119,128,156,143,141,177,146,135,150,137,118,109,111,86,55 ","[0.15819209039548,0.152542372881356,0.107344632768362,0.0621468926553672,0.0564971751412429,0.0508474576271186,0.180790960451977,0.338983050847458,0.525423728813559,0.672316384180791,0.72316384180791,0.88135593220339,0.807909604519774,0.796610169491525,1,0.824858757062147,0.76271186440678,0.847457627118644,0.774011299435028,0.666666666666667,0.615819209039548,0.627118644067797,0.485875706214689,0.310734463276836]",30.4287834,-97.842659
94,rm620_lake_creek," 27,24,18,10,8,12,29,44,67,98,126,146,145,137,115,122,105,105,101,89,84,71,56,45 ","[0.184931506849315,0.164383561643836,0.123287671232877,0.0684931506849315,0.0547945205479452,0.0821917808219178,0.198630136986301,0.301369863013699,0.458904109589041,0.671232876712329,0.863013698630137,1,0.993150684931507,0.938356164383562,0.787671232876712,0.835616438356164,0.719178082191781,0.719178082191781,0.691780821917808,0.60958904109589,0.575342465753425,0.486301369863014,0.383561643835616,0.308219178082192]",30.4621582,-97.8160172
95,rm620_wilson_park," 22,17,16,11,11,14,36,59,90,106,117,143,135,138,137,130,112,141,122,115,97,100,74,37 ","[0.153846153846154,0.118881118881119,0.111888111888112,0.0769230769230769,0.0769230769230769,0.0979020979020979,0.251748251748252,0.412587412587413,0.629370629370629,0.741258741258741,0.818181818181818,1,0.944055944055944,0.965034965034965,0.958041958041958,0.909090909090909,0.783216783216783,0.986013986013986,0.853146853146853,0.804195804195804,0.678321678321678,0.699300699300699,0.517482517482518,0.258741258741259]",30.416769,-97.8473129
96,rundberg_middle_fiskville," 44,52,50,39,40,28,69,94,90,102,128,118,129,151,116,119,127,128,127,143,103,119,108,61 ","[0.291390728476821,0.344370860927152,0.33112582781457,0.258278145695364,0.264900662251656,0.185430463576159,0.456953642384106,0.622516556291391,0.596026490066225,0.675496688741722,0.847682119205298,0.781456953642384,0.854304635761589,1,0.768211920529801,0.788079470198676,0.841059602649007,0.847682119205298,0.841059602649007,0.947019867549669,0.682119205298013,0.788079470198676,0.71523178807947,0.403973509933775]",30.3574352,-97.6865082
97,south_1st_barton_spring," 49,30,37,14,10,19,23,44,84,82,91,130,130,141,140,155,152,128,124,136,111,101,84,76 ","[0.316129032258064,0.193548387096774,0.238709677419355,0.0903225806451613,0.0645161290322581,0.12258064516129,0.148387096774194,0.283870967741935,0.541935483870968,0.529032258064516,0.587096774193548,0.838709677419355,0.838709677419355,0.909677419354839,0.903225806451613,1,0.980645161290323,0.825806451612903,0.8,0.87741935483871,0.716129032258065,0.651612903225806,0.541935483870968,0.490322580645161]",30.2583828,-97.7500687
98,south_1st_benwhite," 64,41,45,23,21,42,57,72,93,130,142,190,178,162,159,186,149,143,126,123,108,107,98,70 ","[0.336842105263158,0.215789473684211,0.236842105263158,0.121052631578947,0.110526315789474,0.221052631578947,0.3,0.378947368421053,0.489473684210526,0.684210526315789,0.747368421052632,1,0.936842105263158,0.852631578947368,0.836842105263158,0.978947368421053,0.784210526315789,0.752631578947368,0.663157894736842,0.647368421052632,0.568421052631579,0.563157894736842,0.515789473684211,0.368421052631579]",30.226881,-97.7692413
99,south_1st_slaughter," 50,40,32,22,15,26,61,77,139,169,170,180,178,185,191,171,180,190,189,181,174,115,106,67 ","[0.261780104712042,0.209424083769634,0.167539267015707,0.115183246073298,0.0785340314136126,0.136125654450262,0.319371727748691,0.403141361256544,0.727748691099476,0.884816753926702,0.890052356020942,0.942408376963351,0.931937172774869,0.968586387434555,1,0.895287958115183,0.942408376963351,0.994764397905759,0.989528795811518,0.947643979057592,0.910994764397906,0.602094240837696,0.554973821989529,0.350785340314136]",30.1724548,-97.7995529
100,south_1st_st_elmo," 23,11,14,12,11,15,29,47,61,55,55,47,62,49,52,58,56,48,40,32,25,30,26,17 ","[0.370967741935484,0.17741935483871,0.225806451612903,0.193548387096774,0.17741935483871,0.241935483870968,0.467741935483871,0.758064516129032,0.983870967741935,0.887096774193548,0.887096774193548,0.758064516129032,1,0.790322580645161,0.838709677419355,0.935483870967742,0.903225806451613,0.774193548387097,0.645161290322581,0.516129032258065,0.403225806451613,0.483870967741935,0.419354838709677,0.274193548387097]",30.2210426,-97.7728806
101,south_1st_wm_cannon," 51,35,19,14,20,25,41,77,98,124,123,147,149,151,165,155,123,148,140,113,120,117,77,66 ","[0.309090909090909,0.212121212121212,0.115151515151515,0.0848484848484849,0.121212121212121,0.151515151515152,0.248484848484848,0.466666666666667,0.593939393939394,0.751515151515151,0.745454545454545,0.890909090909091,0.903030303030303,0.915151515151515,1,0.939393939393939,0.745454545454545,0.896969696969697,0.848484848484849,0.684848484848485,0.727272727272727,0.709090909090909,0.466666666666667,0.4]",30.1970978,-97.7878189
102,springdale_12th," 18,11,3,6,2,4,14,14,26,28,35,50,42,42,48,55,44,44,46,36,48,29,31,28 ","[0.327272727272727,0.2,0.0545454545454545,0.109090909090909,0.0363636363636364,0.0727272727272727,0.254545454545455,0.254545454545455,0.472727272727273,0.509090909090909,0.636363636363636,0.909090909090909,0.763636363636364,0.763636363636364,0.872727272727273,1,0.8,0.8,0.836363636363636,0.654545454545455,0.872727272727273,0.527272727272727,0.563636363636364,0.509090909090909]",30.2789841,-97.6870193
103,springdale_manor," 21,13,9,11,12,13,20,34,44,51,70,88,94,89,87,98,91,86,72,78,69,75,58,31 ","[0.214285714285714,0.13265306122449,0.0918367346938776,0.112244897959184,0.122448979591837,0.13265306122449,0.204081632653061,0.346938775510204,0.448979591836735,0.520408163265306,0.714285714285714,0.897959183673469,0.959183673469388,0.908163265306122,0.887755102040816,1,0.928571428571429,0.877551020408163,0.73469387755102,0.795918367346939,0.704081632653061,0.76530612244898,0.591836734693878,0.316326530612245]",30.3089867,-97.6690598
104,us183_burleson," 50,50,109,19,23,23,76,122,135,147,179,175,193,191,202,202,168,181,182,145,145,112,126,97 ","[0.247524752475248,0.247524752475248,0.53960396039604,0.0940594059405941,0.113861386138614,0.113861386138614,0.376237623762376,0.603960396039604,0.668316831683168,0.727722772277228,0.886138613861386,0.866336633663366,0.955445544554455,0.945544554455445,1,1,0.831683168316832,0.896039603960396,0.900990099009901,0.717821782178218,0.717821782178218,0.554455445544555,0.623762376237624,0.48019801980198]",30.1828804,-97.6876297
105,us183_metropolis," 42,42,72,19,22,28,62,84,94,120,132,130,139,154,163,140,118,131,142,119,104,76,91,71 ","[0.257668711656442,0.257668711656442,0.441717791411043,0.116564417177914,0.134969325153374,0.171779141104294,0.380368098159509,0.515337423312883,0.576687116564417,0.736196319018405,0.809815950920245,0.797546012269939,0.852760736196319,0.94478527607362,1,0.858895705521472,0.723926380368098,0.803680981595092,0.871165644171779,0.730061349693252,0.638036809815951,0.466257668711656,0.558282208588957,0.43558282208589]",30.2099247,-97.6832809
106,us183_vargas," 109,104,102,68,65,96,162,170,203,231,270,263,292,278,304,295,225,267,221,254,194,181,161,107 ","[0.358552631578947,0.342105263157895,0.335526315789474,0.223684210526316,0.213815789473684,0.315789473684211,0.532894736842105,0.559210526315789,0.667763157894737,0.759868421052632,0.888157894736842,0.865131578947368,0.960526315789474,0.914473684210526,1,0.970394736842105,0.740131578947368,0.878289473684211,0.726973684210526,0.835526315789474,0.638157894736842,0.595394736842105,0.529605263157895,0.351973684210526]",30.2398014,-97.6882172
107,wm_cannon_bluff_springs," 44,48,45,30,28,34,80,85,126,152,149,152,184,213,167,163,158,174,173,168,173,114,NA,NA ","[0.206572769953052,0.225352112676056,0.211267605633803,0.140845070422535,0.131455399061033,0.15962441314554,0.375586854460094,0.39906103286385,0.591549295774648,0.713615023474178,0.699530516431925,0.713615023474178,0.863849765258216,1,0.784037558685446,0.765258215962441,0.741784037558685,0.816901408450704,0.812206572769953,0.788732394366197,0.812206572769953,0.535211267605634,NA,NA]",30.1891956,-97.7678909
